{
  "hash": "6aebf4ab",
  "configHash": "f59371ee",
  "lockfileHash": "12b3ab91",
  "browserHash": "4f7a870b",
  "optimized": {
    "@angular/common/http": {
      "src": "../../../../../../node_modules/@angular/common/fesm2022/http.mjs",
      "file": "@angular_common_http.js",
      "fileHash": "174547c3",
      "needsInterop": false
    },
    "@angular/core": {
      "src": "../../../../../../node_modules/@angular/core/fesm2022/core.mjs",
      "file": "@angular_core.js",
      "fileHash": "5ab07f47",
      "needsInterop": false
    },
    "@angular/forms": {
      "src": "../../../../../../node_modules/@angular/forms/fesm2022/forms.mjs",
      "file": "@angular_forms.js",
      "fileHash": "89698ce5",
      "needsInterop": false
    },
    "@angular/platform-browser": {
      "src": "../../../../../../node_modules/@angular/platform-browser/fesm2022/platform-browser.mjs",
      "file": "@angular_platform-browser.js",
      "fileHash": "4bb0e549",
      "needsInterop": false
    },
    "@angular/router": {
      "src": "../../../../../../node_modules/@angular/router/fesm2022/router.mjs",
      "file": "@angular_router.js",
      "fileHash": "b65cb3f3",
      "needsInterop": false
    },
    "rxjs": {
      "src": "../../../../../../node_modules/rxjs/dist/esm5/index.js",
      "file": "rxjs.js",
      "fileHash": "f7fa915e",
      "needsInterop": false
    },
    "rxjs/operators": {
      "src": "../../../../../../node_modules/rxjs/dist/esm5/operators/index.js",
      "file": "rxjs_operators.js",
      "fileHash": "14597fd1",
      "needsInterop": false
    },
    "sweetalert2": {
      "src": "../../../../../../node_modules/sweetalert2/dist/sweetalert2.esm.all.js",
      "file": "sweetalert2.js",
      "fileHash": "49eca48d",
      "needsInterop": false
    }
  },
  "chunks": {
    "chunk-2KE2ETPE": {
      "file": "chunk-2KE2ETPE.js"
    },
    "chunk-ZOZ3VQK6": {
      "file": "chunk-ZOZ3VQK6.js"
    },
    "chunk-PSWW5PKA": {
      "file": "chunk-PSWW5PKA.js"
    },
    "chunk-LEMJPYZL": {
      "file": "chunk-LEMJPYZL.js"
    },
    "chunk-T36PS3U7": {
      "file": "chunk-T36PS3U7.js"
    },
    "chunk-HWYXSU2G": {
      "file": "chunk-HWYXSU2G.js"
    },
    "chunk-JRFR6BLO": {
      "file": "chunk-JRFR6BLO.js"
    },
    "chunk-MARUHEWW": {
      "file": "chunk-MARUHEWW.js"
    },
    "chunk-GOMI4DH3": {
      "file": "chunk-GOMI4DH3.js"
    }
  }
}